"","baseMean","log2FoldChange","lfcSE","stat","pvalue","padj"
"ENSOARG00000000072",117.72027026138,-1.62772038344723,0.4060260695756,-4.00890609105129,6.10006670708465e-05,0.0303370670441454
"ENSOARG00000000130",109.294640029989,1.44322852398793,0.341473330959329,4.22647508059663,2.3738054638082e-05,0.0191136555178728
"ENSOARG00000000229",95.7175405147181,-1.51970766980387,0.389442545159258,-3.90226411750263,9.5297090052834e-05,0.0413173973257275
"ENSOARG00000002356",908.65315956658,-1.66238814736505,0.399200178911429,-4.1642971000118,3.12313219581314e-05,0.0207836775161212
"ENSOARG00000002559",37.9570548122323,2.06178221053919,0.403548026445057,5.10913714211882,3.23633386357923e-07,0.00111397584213719
"ENSOARG00000002587",39.7884642685318,-1.61210785933698,0.396574469218919,-4.065082309792,4.80155135721159e-05,0.0263629426665171
"ENSOARG00000003849",326.464439967775,0.802203321535844,0.197029536469101,4.07148763536603,4.67138423857811e-05,0.0263629426665171
"ENSOARG00000004315",3707.00805921727,0.633518050439436,0.161343811209128,3.92650976626734,8.61873943757455e-05,0.038351122407881
"ENSOARG00000004833",50.1660360847944,1.68243200834603,0.394694240898868,4.26262112290896,2.02042920013358e-05,0.0187079783987602
"ENSOARG00000005238",295.831442501726,1.13269007683794,0.27874409292679,4.06354827090605,4.83323214064717e-05,0.0263629426665171
"ENSOARG00000005833",148.216367543759,1.27168462506642,0.290750102249693,4.37380628665888,1.22098733471843e-05,0.0166862535068356
"ENSOARG00000006210",97.0348528848831,0.827431600483751,0.216627858317813,3.81959922841426,0.000133668679217694,0.0491348629759128
"ENSOARG00000006322",16.5851100032246,-1.72287537821254,0.406121890100156,-4.24226179432892,2.2127835352487e-05,0.0187079783987602
"ENSOARG00000006941",41.5276446192554,-1.77096505683276,0.405973424947107,-4.36226843435255,1.28720798401716e-05,0.0166862535068356
"ENSOARG00000007580",1246.07241951393,-0.538575374487487,0.139127884950799,-3.87108144911387,0.000108353577376027,0.0430204959157623
"ENSOARG00000007892",117.821133985529,-1.7827216576895,0.39428785562568,-4.5213709533624,6.14404109917526e-06,0.0115432878828838
"ENSOARG00000007919",198.959990068497,-1.7355701750919,0.392740934889353,-4.41912217676232,9.91026129867315e-06,0.0166862535068356
"ENSOARG00000008913",73.404979870271,-2.42180028984591,0.405415468424516,-5.97362577026786,2.32037745083053e-09,1.96176311580467e-05
"ENSOARG00000009276",37.7696452805342,1.47932695452888,0.359107113956617,4.11945878272852,3.79763345968615e-05,0.0237830311740123
"ENSOARG00000011501",98.3558968725967,1.76850704855344,0.376469169579471,4.69761454976227,2.63217567859746e-06,0.00741790975823408
"ENSOARG00000011522",48.2031127741465,-1.29168400916658,0.316400630366952,-4.08243184493193,4.45668842175317e-05,0.0263629426665171
"ENSOARG00000011885",243.797011201222,1.69653767783795,0.395158835934192,4.29330568764123,1.76032377686593e-05,0.0175090086723682
"ENSOARG00000012070",415.30909239401,-0.728308169200871,0.184006886082305,-3.9580484443126,7.55646340693783e-05,0.0354922888188644
"ENSOARG00000012206",1081.72165221071,-5.44272520082879,0.40604646935487,-13.404192898109,5.71415245982064e-41,9.66206039431073e-37
"ENSOARG00000012501",773.620853098418,0.305020785732288,0.0799698412038769,3.81419771679503,0.000136626054926651,0.0491534034628667
"ENSOARG00000012936",249.488218659757,-1.75151468375558,0.405689267588841,-4.31737988575708,1.57892279915648e-05,0.0166862535068356
"ENSOARG00000013575",216.40688274853,0.612922880030403,0.146531451834901,4.18287591063379,2.87844520771311e-05,0.0202798458405087
"ENSOARG00000014170",456.004017367964,-1.25399118264727,0.322579329860865,-3.88738851676621,0.000101328500472346,0.0428340903621726
"ENSOARG00000015262",1519.26945978123,-2.06513540335855,0.404468767092913,-5.10579696474846,3.29403229681587e-07,0.00111397584213719
"ENSOARG00000015874",13.6462649173065,1.59032691992476,0.348849209362723,4.5587803476177,5.1451548844242e-06,0.0108749279925911
"ENSOARG00000016427",62.399426888699,-1.42722597299903,0.36242582897371,-3.93798084711716,8.21701515527716e-05,0.0375517592596166
"ENSOARG00000016786",2369.10605315942,-1.65514775672631,0.397963262677872,-4.15904660543016,3.19578695025815e-05,0.0207836775161212
"ENSOARG00000016846",71.605004940958,-1.48732542487926,0.369650849024163,-4.02359531651457,5.73163714629218e-05,0.0293685613656529
"ENSOARG00000016918",56.4523395550434,-1.71433186026013,0.392311936757772,-4.36981824827478,1.243499916457e-05,0.0166862535068356
"ENSOARG00000017996",574.917075462685,0.501324097857866,0.12958352079151,3.86873342224171,0.000109402171883481,0.0430204959157623
"ENSOARG00000018321",85.8542989712718,-1.53724271763642,0.401640376689656,-3.82741080542366,0.000129498286904529,0.048659700739304
"ENSOARG00000018427",1234.68323772817,0.457654970757091,0.0886744764741468,5.16106763698257,2.45545437711799e-07,0.00111397584213719
"ENSOARG00000018483",254.418458313943,-1.60268366740376,0.370050777467669,-4.33098311094288,1.48445068864293e-05,0.0166862535068356
"ENSOARG00000018943",745.183398235858,-1.49957519392471,0.357287968164836,-4.19710521355389,2.70348356789529e-05,0.0198753059345832
"ENSOARG00000019095",599.195271437284,-1.56089754112076,0.385437783451556,-4.04967444328649,5.12889339168827e-05,0.0271013932375178
"ENSOARG00000019103",3.57409823723354,-1.63574978096497,0.385169188499869,-4.24683445562138,2.16812033421034e-05,0.0187079783987602
"ENSOARG00000019231",185.262784987606,-1.66597105407907,0.395420712464173,-4.21316082229764,2.51821625996694e-05,0.019354781245355
"ENSOARG00000019613",57.7653221623062,-1.34028821105985,0.336376127033884,-3.98449266563093,6.76244456142545e-05,0.0326703357397551
"ENSOARG00000019883",15.3183373573798,1.87592209018355,0.404954180863234,4.63243047938085,3.61397711246664e-06,0.00872981985638548
"ENSOARG00000019995",38.4804967452967,1.49249066633271,0.388926150917458,3.83746544893418,0.000124310718088216,0.0477720439125827
"ENSOARG00000021540",2.14383541927132,-1.75062908605333,0.404699512935459,-4.32575041505554,1.52013465760386e-05,0.0166862535068356
"ENSOARG00000022544",91.891951274143,-1.50822300292965,0.389732970375014,-3.86988814797575,0.000108885297505817,0.0430204959157623
